iter	AUC	Logloss
0	0.8917538936	0.6291773362
1	0.9116326256	0.579421793
2	0.9168679848	0.5364777012
3	0.9261229025	0.4958670352
4	0.9255531876	0.4628404036
